1,ข้อใดต่อไปนี้ที่ไม่ใช่ความหมายเกี่ยวข้องกับการส่งกำลังบำรุง,1Logistics,2งานพลาธิการ,3การจัดหา,4การฝึกอบรม,4
2,ปัจจัยสำคัญในการส่งกำลังบำรุงประกอบด้วย,1การบริหารคน การบริหารเงิน การบริหารจัดการ การบริหารคุณธรรม,2การวิจัยและพัฒนา การทำงบประมาณ การส่งกลับ,3การจัดหา การส่งกำลัง การซ่อมบำรุง,4การเคลื่อนย้าย การซ่อมแซม การแจกจ่าย,1
3,ข้อใดต่อไปนี้เป็นส่วนหนึ่งของขอบเขตของงานส่งกำลังบำรุง ในประเด็นของการส่งกำลัง,1การขนส่ง,2การบริการทางการแพทย์,3การจัดหา,4ความเชื่อถือได้,3
4,การกำหนดความต้องการในการจัดหา อยู่ในเรื่องใด,1การขนส่ง,2การส่งกำลัง,3การบริการทางการแพทย์,4การวัดผล,2
5,ข้อใดถูกต้องที่สุด เกี่ยวกับขอบเขตของงานส่งกำลังบำรุง,1การส่งกำลัง การขนส่ง การบริการทางการแพทย์ การบริการอื่นๆ,2การส่งกำลัง การซ่อมบำรุง การขนส่ง การบริการทางการแพทย์ การบริการอื่นๆ,3การส่งกำลัง การบริการทางการแพทย์ การบริการอื่นๆ การบริหารคน,4การส่งกำลัง การขนส่ง การจัดหา การบริการอื่นๆ,2
6,ข้อใดต่อไปนี้ที่เป็นความสัมพันธ์ของการบริหารพัสดุกับการส่งกำลังบำรุง,1การส่งกำลังการซ่อมบำรุง,2การขนส่ง การบริการทางการแพทย์,3การบริหารคน การขนส่ง,4การส่งกำลัง การบริการทางการแพทย์,1
7,การส่งกำลังบำรุงที่ดี ควรใช้หลักการส่งกำลังบำรุงใดบ้าง,1ความเชื่อถือได้ ทันเวลาและสนองตอบความต้องการ,2ความอ่อนตัว ความปลอดภัย ประหยัดและพอเพียง,3การซ่อมบำรุง การขนส่ง,4ใช้หลักการส่งกำลังบำรุงทั้งข้อ 1 และ 2 คู่กัน,4
8,ข้อใดไม่ใช่ปัจจัยการส่งกำลังบำรุง,1การบริหารข้อมูลข่าวสาร,2การบริหารคุณธรรม,3การบริหารวัดผล,4การจัดซื้อจัดจ้าง,4
9,ข้อใดต่อไปนี้ที่เกี่ยวข้องกับการบริหารข้อมูลข่าวสาร,1กระบวนการจัดการบริหารควบคุมระบบงาน,2นำข้อมูลข่าวสารมาวิเคราะห์ประมวลผล,3การกำหนดและการควบคุมการปฏิบัติงานให้บรรลุผลตามเวลา,4การบริหารวัสดุอุปกรณ์,2
10,ข้อใดต่อไปนี้ถูกต้อง,1การส่งกำลัง การขนส่ง เป็นส่วนหนึ่งของหลักการส่งกำลังบำรุง,2ความเชื่อถือได้ ความปลอดภัย เป็นส่วนหนึ่งของขอบเขตการส่งกำลังบำรุง,3การขนส่ง การบริการทางการแพทย์ เป็นส่วนหนึ่งของขอบเขตการส่งกำลังบำรุง,4การจัดหา ความเชื่อถือได้ เป็นส่วนหนึ่งของขอบเขตการส่งกำลังบำรุง,3
11,หน่วยสนับสนุนทางการส่งกำลังบำรุงที่อยู่ในที่ตั้งสำนักงาน จะต้องให้การสนับสนุนแก่หน่วยที่ปฏิบัติในพื้นที่ซึ่งอยู่ส่วนหน้า รวมทั้งการสนับสนุนจากหน่วยเหนือไปยังหน่วยรองด้วย เพื่อปลดเปลื้องงานด้านการส่งกำลังบำรุงของหน่วยรอง (หน่วยปฏิบัติ) ให้มากที่สุด คือหลักการส่งกำลังบำรุงข้อใด,1การรวมการสนับสนุน,2ความเชื่อถือได้,3การสนับสนุนจากข้างหลังไปข้างหน้า,4ความอ่อนตัว  ,3
12,กระบวนการและกรรมวิธีในการดำเนินการที่ไม่ยุ่งยากสลับซับซ้อน ขจัดขั้นตอนที่ไม่จำเป็นออกให้เหลือน้อยที่สุด หลีกเลี่ยงแบบฟอร์มที่ต้องกรอกข้อความต่างๆ ที่ไม่ได้นำมาใช้ประโยชน์  และต้องไม่ผ่านสายงานและเจ้าหน้าที่มาก ตลอดจนต้องไม่มีการขออนุมัติหลายลำดับชั้น ทั้งนี้ จะต้องไม่ขัดต่อระเบียบ หลักการประหยัด   คือ หลักการส่งกำลังบำรุงข้อใด,1การรวมการสนับสนุน,2ความเชื่อถือได้,3การสนับสนุนจากข้างหลังไปข้างหน้า,4ความง่าย,4
13,"การสนับสนุนสิ่งอุปกรณ์ให้หน่วยปฏิบัติได้มีและใช้ในปริมาณที่ต้องการ ณ เวลา และสถานที่ที่กำหนด โดยไม่ล่าช้า ทันต่อเวลาที่กำหนดไว้ในแผนการปฏิบัติ ทั้งนี้ ผู้วางแผนจะต้องมีแนวทางที่ชัดเจนและต้องประสานงานกันอย่างถูกต้องและกระจ่างชัด ระหว่างหน่วยปฏิบัติกับผู้รับผิดชอบงานส่งกำลังบำรุง 
 คือ หลักการส่งกำลังบำรุงข้อใด
",1การสนองตอบความต้องการและทันเวลา,2ความเชื่อถือได้,3การสนับสนุนจากข้างหลังไปข้างหน้า,4ความง่าย,1
14,ข้อใดเป็นหน้าที่โรงพยาบาลตำรวจ,1สนับสนุนการขนส่ง ลำเลียงอุปกรณ์ และการส่งกลับผู้ป่วยทางอากาศ,2สนับสนุนบริการทางการแพทย์ ศูนย์ส่งกลับ,3กำหนดกรอบอัตรา จัดหา ควบคุม,4งานการพัสดุประเภทสรรพาวุธ งานคลังรับ-จ่าย บัญชีคุม  และคลังอาวุธและวัตถุระเบิด,2
15,ข้อใดต่อไปนี้ถูกต้อง,1การส่งกำลัง การขนส่ง เป็นส่วนหนึ่งของหลักการส่งกำลังบำรุง,2ความเชื่อถือได้ ความปลอดภัย เป็นส่วนหนึ่งของขอบเขตการส่งกำลังบำรุง,3การจัดหา  ความเชื่อถือได้  เป็นส่วนหนึ่งของขอบเขตการส่งกำลังบำรุง,4การขนส่ง การบริการทางการแพทย์  เป็นส่วนหนึ่งของขอบเขตการส่งกำลังบำรุง,4
16,หน่วยสนับสนุนจะต้องมีขีดความสามารถ ซึ่งทำให้หน่วยรับการสนับสนุน (หน่วยปฏิบัติ) มีความมั่นใจได้ว่า จะได้รับการสนับสนุนสิ่งของได้ตามเวลา ณ สถานที่ที่ได้กำหนดไว้ คือ หลักการส่งกำลังบำรุงข้อใด,1การสนองตอบความต้องการและทันเวลา,2ความเชื่อถือได้,3การสนับสนุนจากข้างหลังไปข้างหน้า,4ความง่าย,2
17,ข้อใดต่อไปนี้ที่เป็นความสัมพันธ์ของการบริหารพัสดุกับการส่งกำลังบำรุง,1การบริหารคน การขนส่ง     ,2การขนส่ง การบริการทางการแพทย์,3การส่งกำลัง  การซ่อมบำรุง,4การส่งกำลัง  การบริการทางการแพทย์,3
18,ในการส่งกำลังบำรุง ควรจะใช้กำลังพล สิ่งอุปกรณ์ และสิ่งอำนวยความสะดวกให้ได้อย่างสมบูรณ์  ไม่ขาดแคลน แต่ไม่เหลือเฟือ และต้องคำนึงถึงความประหยัด และความคุ้มค่าให้มากที่สุด คือ หลักการส่งกำลังบำรุงข้อใด,1การสนองตอบความต้องการและทันเวลา,2ความเชื่อถือได้,3การสนับสนุนจากข้างหลังไปข้างหน้า,4การประหยัดและความพอเพียง  ,4
19,ข้อใดไม่ใช่หลักการส่งกำลังบำรุง,1ระบบสารสนเทศ,2ความเชื่อถือได้,3การรวมการสนับสนุน,4ความอ่อนตัว  ,1
20,ข้อใดเป็นหน้าที่กองบินตำรวจ,1สนับสนุนการขนส่ง ลำเลียงอุปกรณ์ และการส่งกลับผู้ป่วยทางอากาศ,2สนับสนุนบริการทางการแพทย์ ศูนย์ส่งกลับ,3กำหนดกรอบอัตรา จัดหา ควบคุม,4งานการพัสดุประเภทสรรพาวุธ งานคลังรับ-จ่าย บัญชีคุม  และคลังอาวุธและวัตถุระเบิด,1
21,ผู้ที่เกี่ยวข้องกับงานส่งกำลังบำรุง ตั้งแต่ระดับผู้บังคับบัญชาจนถึงเจ้าหน้าที่ โดยบริหารกำลังคน  จะใช้คนอย่างไรให้เกิดประสิทธิภาพ และประสิทธิผลกับงานให้มากที่สุด คือปัจจัยในเรื่องใด,1การบริหารคน,2การบริหารงบประมาณ,3การบริหารวัสดุอุปกรณ์,4การบริหารจัดการ,1
22,เงิน/งบประมาณเป็นปัจจัยสำคัญอย่างยิ่งต่อการปฏิบัติงาน เป็นจุดเริ่มต้นของการได้มาซึ่งคน วัสดุอุปกรณ์ และการบริหารเงิน/งบประมาณ จะจัดสรรเงิน/งบประมาณ อย่างไรให้ใช้จ่ายต้นทุนน้อยที่สุดและให้เกิดประสิทธิภาพ และประสิทธิผล คือปัจจัยในเรื่องใด,1การบริหารคน,2การบริหารเงิน/งบประมาณ,3การบริหารวัสดุอุปกรณ์,4การบริหารจัดการ,2
23,วัสดุอุปกรณ์ สถานที่ และทรัพยากรอื่นนอกเหนือจาก คน และเงิน/งบประมาณ จะต้องมีพร้อมสนับสนุนภารกิจของหน่วยต่างๆ ดังนั้น การบริหารวัสดุอุปกรณ์ต่างๆ ในการดำเนินงานควรคิดว่าจะทำอย่างไรให้สิ้นเปลืองน้อยที่สุด หรือเกิดประโยชน์สูงสุดคือปัจจัยในเรื่องใด,1การบริหารคน,2การบริหารงบประมาณ,3การบริหารวัสดุอุปกรณ์,4การบริหารจัดการ,3
24,"การบริหารจัดการ เป็นกระบวนการจัดการบริหารควบคุมเพื่อให้งานทั้งหมดเป็นไปอย่างมีระบบเหมาะสมในแต่ละสถานการณ์ ทำให้เกิดประสิทธิภาพ และประสิทธิผลอย่างเต็มที่
คือปัจจัยในเรื่องใด",1การบริหารคน,2การบริหารงบประมาณ,3การบริหารวัสดุอุปกรณ์,4การบริหารจัดการ,4
25,"การกำหนดและการควบคุมการปฏิบัติงานให้บรรลุผลตามเวลาและวัตถุประสงค์ที่กำหนด เพื่อก่อให้เกิดประสิทธิภาพในงานหน้าที่ที่รับผิดชอบคือปัจจัยในเรื่องใด
",1การบริหารเวลา,2การบริหารงบประมาณ,3การบริหารวัสดุอุปกรณ์,4การบริหารจัดการ,1
26,"ความประพฤติที่ดีที่ชอบ หรือธรรมในระดับศีล หรือกรอบปฏิบัติที่ดี เกี่ยวกับความรู้สึกรับผิดชอบ บริสุทธิ์ เกี่ยวกับจิตใจ คือปัจจัยในเรื่องใด
",1การบริหารเวลา,2การบริหารคุณธรรม,3การบริหารวัสดุอุปกรณ์,4การบริหารจัดการ,2
27,ข้อมูลข่าวสารที่ฝ่ายส่งกำลังบำรุงเสนอผู้บังคับบัญชา ต้องเป็นข้อมูลของสถานการณ์ปัจจุบันที่เป็นอยู่จริง เพื่อที่จะได้นำมาวิเคราะห์ประมวลผล และฝ่ายอำนวยการต่างๆ ต้องได้รับข้อมูลเช่นเดียวกัน เพื่อเป็นข้อพิจารณาของฝ่ายอำนวยการ และเพื่อประโยชน์ในการจัดทำประมาณการ การจัดทำแผน/คำสั่งปฏิบัติการคือปัจจัยในเรื่องใด,1การบริหารเวลา,2การบริหารคุณธรรม,3การบริหารข้อมูลข่าวสาร ,4การบริหารจัดการ,3
28,"การวัดผลเป็นสิ่งจำเป็นการบริหารจัดการ ซึ่งเป็นการวัดเพื่อประเมินผลทำให้ทราบว่า     
กระบวนการส่งกำลังบำรุงขั้นตอนใดมีปัญหาหรือไม่อย่างไรคือปัจจัยในเรื่องใด",1การบริหารเวลา,2การบริหารคุณธรรม,3การบริหารข้อมูลข่าวสาร ,4การบริหารการวัดผล,4
29,ข้อใดคือความหมายของปัจจัยในการบริหารคน,1ผู้ที่เกี่ยวข้องกับงานส่งกำลังบำรุง ตั้งแต่ระดับผู้บังคับบัญชาจนถึงเจ้าหน้าที่ โดยบริหารกำลังคน  จะใช้คนอย่างไรให้เกิดประสิทธิภาพ และประสิทธิผลกับงานให้มากที่สุด คือปัจจัยในเรื่องใด,2เงิน/งบประมาณเป็นปัจจัยสำคัญอย่างยิ่งต่อการปฏิบัติงาน เป็นจุดเริ่มต้นของการได้มาซึ่งคน วัสดุอุปกรณ์ และการบริหารเงิน/งบประมาณ จะจัดสรรเงิน/งบประมาณ อย่างไรให้ใช้จ่ายต้นทุนน้อยที่สุดและให้เกิดประสิทธิภาพ และประสิทธิผล คือปัจจัยในเรื่องใด,3วัสดุอุปกรณ์ สถานที่ และทรัพยากรอื่นนอกเหนือจาก คน และเงิน/งบประมาณ จะต้องมีพร้อมสนับสนุนภารกิจของหน่วยต่างๆ ดังนั้น การบริหารวัสดุอุปกรณ์ต่างๆ ในการดำเนินงานควรคิดว่าจะทำอย่างไรให้สิ้นเปลืองน้อยที่สุด หรือเกิดประโยชน์สูงสุดคือปัจจัยในเรื่องใด,"4การบริหารจัดการ เป็นกระบวนการจัดการบริหารควบคุมเพื่อให้งานทั้งหมดเป็นไปอย่างมีระบบเหมาะสมในแต่ละสถานการณ์ ทำให้เกิดประสิทธิภาพ และประสิทธิผลอย่างเต็มที่
คือปัจจัยในเรื่องใด",1
30,ข้อใดคือความหมายของปัจจัยในการบริหารเงิน/งบประมาณ,1ผู้ที่เกี่ยวข้องกับงานส่งกำลังบำรุง ตั้งแต่ระดับผู้บังคับบัญชาจนถึงเจ้าหน้าที่ โดยบริหารกำลังคน  จะใช้คนอย่างไรให้เกิดประสิทธิภาพ และประสิทธิผลกับงานให้มากที่สุด คือปัจจัยในเรื่องใด,2เงิน/งบประมาณเป็นปัจจัยสำคัญอย่างยิ่งต่อการปฏิบัติงาน เป็นจุดเริ่มต้นของการได้มาซึ่งคน วัสดุอุปกรณ์ และการบริหารเงิน/งบประมาณ จะจัดสรรเงิน/งบประมาณ อย่างไรให้ใช้จ่ายต้นทุนน้อยที่สุดและให้เกิดประสิทธิภาพ และประสิทธิผล คือปัจจัยในเรื่องใด,3วัสดุอุปกรณ์ สถานที่ และทรัพยากรอื่นนอกเหนือจาก คน และเงิน/งบประมาณ จะต้องมีพร้อมสนับสนุนภารกิจของหน่วยต่างๆ ดังนั้น การบริหารวัสดุอุปกรณ์ต่างๆ ในการดำเนินงานควรคิดว่าจะทำอย่างไรให้สิ้นเปลืองน้อยที่สุด หรือเกิดประโยชน์สูงสุดคือปัจจัยในเรื่องใด,"4การบริหารจัดการ เป็นกระบวนการจัดการบริหารควบคุมเพื่อให้งานทั้งหมดเป็นไปอย่างมีระบบเหมาะสมในแต่ละสถานการณ์ ทำให้เกิดประสิทธิภาพ และประสิทธิผลอย่างเต็มที่
คือปัจจัยในเรื่องใด",2
31,ข้อใดคือความหมายของปัจจัยในการบริหารวัสดุอุปกรณ์,1ผู้ที่เกี่ยวข้องกับงานส่งกำลังบำรุง ตั้งแต่ระดับผู้บังคับบัญชาจนถึงเจ้าหน้าที่ โดยบริหารกำลังคน  จะใช้คนอย่างไรให้เกิดประสิทธิภาพ และประสิทธิผลกับงานให้มากที่สุด คือปัจจัยในเรื่องใด,2เงิน/งบประมาณเป็นปัจจัยสำคัญอย่างยิ่งต่อการปฏิบัติงาน เป็นจุดเริ่มต้นของการได้มาซึ่งคน วัสดุอุปกรณ์ และการบริหารเงิน/งบประมาณ จะจัดสรรเงิน/งบประมาณ อย่างไรให้ใช้จ่ายต้นทุนน้อยที่สุดและให้เกิดประสิทธิภาพ และประสิทธิผล คือปัจจัยในเรื่องใด,3วัสดุอุปกรณ์ สถานที่ และทรัพยากรอื่นนอกเหนือจาก คน และเงิน/งบประมาณ จะต้องมีพร้อมสนับสนุนภารกิจของหน่วยต่างๆ ดังนั้น การบริหารวัสดุอุปกรณ์ต่างๆ ในการดำเนินงานควรคิดว่าจะทำอย่างไรให้สิ้นเปลืองน้อยที่สุด หรือเกิดประโยชน์สูงสุดคือปัจจัยในเรื่องใด,"4การบริหารจัดการ เป็นกระบวนการจัดการบริหารควบคุมเพื่อให้งานทั้งหมดเป็นไปอย่างมีระบบเหมาะสมในแต่ละสถานการณ์ ทำให้เกิดประสิทธิภาพ และประสิทธิผลอย่างเต็มที่
คือปัจจัยในเรื่องใด",3
32,ข้อใดคือความหมายของปัจจัยในการบริหารจัดการ,1ผู้ที่เกี่ยวข้องกับงานส่งกำลังบำรุง ตั้งแต่ระดับผู้บังคับบัญชาจนถึงเจ้าหน้าที่ โดยบริหารกำลังคน  จะใช้คนอย่างไรให้เกิดประสิทธิภาพ และประสิทธิผลกับงานให้มากที่สุด คือปัจจัยในเรื่องใด,2เงิน/งบประมาณเป็นปัจจัยสำคัญอย่างยิ่งต่อการปฏิบัติงาน เป็นจุดเริ่มต้นของการได้มาซึ่งคน วัสดุอุปกรณ์ และการบริหารเงิน/งบประมาณ จะจัดสรรเงิน/งบประมาณ อย่างไรให้ใช้จ่ายต้นทุนน้อยที่สุดและให้เกิดประสิทธิภาพ และประสิทธิผล คือปัจจัยในเรื่องใด,3วัสดุอุปกรณ์ สถานที่ และทรัพยากรอื่นนอกเหนือจาก คน และเงิน/งบประมาณ จะต้องมีพร้อมสนับสนุนภารกิจของหน่วยต่างๆ ดังนั้น การบริหารวัสดุอุปกรณ์ต่างๆ ในการดำเนินงานควรคิดว่าจะทำอย่างไรให้สิ้นเปลืองน้อยที่สุด หรือเกิดประโยชน์สูงสุดคือปัจจัยในเรื่องใด,"4การบริหารจัดการ เป็นกระบวนการจัดการบริหารควบคุมเพื่อให้งานทั้งหมดเป็นไปอย่างมีระบบเหมาะสมในแต่ละสถานการณ์ ทำให้เกิดประสิทธิภาพ และประสิทธิผลอย่างเต็มที่
คือปัจจัยในเรื่องใด",4
33,ข้อใดคือความหมายของปัจจัยในการบริหารเวลา,"1การกำหนดและการควบคุมการปฏิบัติงานให้บรรลุผลตามเวลาและวัตถุประสงค์ที่กำหนด เพื่อก่อให้เกิดประสิทธิภาพในงานหน้าที่ที่รับผิดชอบคือปัจจัยในเรื่องใด
","2ความประพฤติที่ดีที่ชอบ หรือธรรมในระดับศีล หรือกรอบปฏิบัติที่ดี เกี่ยวกับความรู้สึกรับผิดชอบ บริสุทธิ์ เกี่ยวกับจิตใจ คือปัจจัยในเรื่องใด
",3ข้อมูลข่าวสารที่ฝ่ายส่งกำลังบำรุงเสนอผู้บังคับบัญชา ต้องเป็นข้อมูลของสถานการณ์ปัจจุบันที่เป็นอยู่จริง เพื่อที่จะได้นำมาวิเคราะห์ประมวลผล และฝ่ายอำนวยการต่างๆ ต้องได้รับข้อมูลเช่นเดียวกัน เพื่อเป็นข้อพิจารณาของฝ่ายอำนวยการ และเพื่อประโยชน์ในการจัดทำประมาณการ การจัดทำแผน/คำสั่งปฏิบัติการคือปัจจัยในเรื่องใด,4การวัดผลเป็นสิ่งจำเป็นการบริหารจัดการ ซึ่งเป็นการวัดเพื่อประเมินผลทำให้ทราบว่ากระบวนการส่งกำลังบำรุงขั้นตอนใดมีปัญหาหรือไม่อย่างไรคือปัจจัยในเรื่องใด,1
34,ข้อใดคือความหมายของปัจจัยในการบริหารคุณธรรม,"1การกำหนดและการควบคุมการปฏิบัติงานให้บรรลุผลตามเวลาและวัตถุประสงค์ที่กำหนด เพื่อก่อให้เกิดประสิทธิภาพในงานหน้าที่ที่รับผิดชอบคือปัจจัยในเรื่องใด
","2ความประพฤติที่ดีที่ชอบ หรือธรรมในระดับศีล หรือกรอบปฏิบัติที่ดี เกี่ยวกับความรู้สึกรับผิดชอบ บริสุทธิ์ เกี่ยวกับจิตใจ คือปัจจัยในเรื่องใด
",3ข้อมูลข่าวสารที่ฝ่ายส่งกำลังบำรุงเสนอผู้บังคับบัญชา ต้องเป็นข้อมูลของสถานการณ์ปัจจุบันที่เป็นอยู่จริง เพื่อที่จะได้นำมาวิเคราะห์ประมวลผล และฝ่ายอำนวยการต่างๆ ต้องได้รับข้อมูลเช่นเดียวกัน เพื่อเป็นข้อพิจารณาของฝ่ายอำนวยการ และเพื่อประโยชน์ในการจัดทำประมาณการ การจัดทำแผน/คำสั่งปฏิบัติการคือปัจจัยในเรื่องใด,4การวัดผลเป็นสิ่งจำเป็นการบริหารจัดการ ซึ่งเป็นการวัดเพื่อประเมินผลทำให้ทราบว่ากระบวนการส่งกำลังบำรุงขั้นตอนใดมีปัญหาหรือไม่อย่างไรคือปัจจัยในเรื่องใด,2
35,ข้อใดคือความหมายของปัจจัยในการบริหารข้อมูลข่าวสาร ,"1การกำหนดและการควบคุมการปฏิบัติงานให้บรรลุผลตามเวลาและวัตถุประสงค์ที่กำหนด เพื่อก่อให้เกิดประสิทธิภาพในงานหน้าที่ที่รับผิดชอบคือปัจจัยในเรื่องใด
","2ความประพฤติที่ดีที่ชอบ หรือธรรมในระดับศีล หรือกรอบปฏิบัติที่ดี เกี่ยวกับความรู้สึกรับผิดชอบ บริสุทธิ์ เกี่ยวกับจิตใจ คือปัจจัยในเรื่องใด
",3ข้อมูลข่าวสารที่ฝ่ายส่งกำลังบำรุงเสนอผู้บังคับบัญชา ต้องเป็นข้อมูลของสถานการณ์ปัจจุบันที่เป็นอยู่จริง เพื่อที่จะได้นำมาวิเคราะห์ประมวลผล และฝ่ายอำนวยการต่างๆ ต้องได้รับข้อมูลเช่นเดียวกัน เพื่อเป็นข้อพิจารณาของฝ่ายอำนวยการ และเพื่อประโยชน์ในการจัดทำประมาณการ การจัดทำแผน/คำสั่งปฏิบัติการคือปัจจัยในเรื่องใด,4การวัดผลเป็นสิ่งจำเป็นการบริหารจัดการ ซึ่งเป็นการวัดเพื่อประเมินผลทำให้ทราบว่ากระบวนการส่งกำลังบำรุงขั้นตอนใดมีปัญหาหรือไม่อย่างไรคือปัจจัยในเรื่องใด,3
36,ข้อใดคือความหมายของปัจจัยในการบริหารการวัดผล,"1การกำหนดและการควบคุมการปฏิบัติงานให้บรรลุผลตามเวลาและวัตถุประสงค์ที่กำหนด เพื่อก่อให้เกิดประสิทธิภาพในงานหน้าที่ที่รับผิดชอบคือปัจจัยในเรื่องใด
","2ความประพฤติที่ดีที่ชอบ หรือธรรมในระดับศีล หรือกรอบปฏิบัติที่ดี เกี่ยวกับความรู้สึกรับผิดชอบ บริสุทธิ์ เกี่ยวกับจิตใจ คือปัจจัยในเรื่องใด
",3ข้อมูลข่าวสารที่ฝ่ายส่งกำลังบำรุงเสนอผู้บังคับบัญชา ต้องเป็นข้อมูลของสถานการณ์ปัจจุบันที่เป็นอยู่จริงเพื่อที่จะได้นำมาวิเคราะห์ประมวลผล และฝ่ายอำนวยการต่างๆ ต้องได้รับข้อมูลเช่นเดียวกัน เพื่อเป็นข้อพิจารณาของฝ่ายอำนวยการ และเพื่อประโยชน์ในการจัดทำประมาณการ การจัดทำแผน/คำสั่งปฏิบัติการคือปัจจัยในเรื่องใด,4การวัดผลเป็นสิ่งจำเป็นการบริหารจัดการ ซึ่งเป็นการวัดเพื่อประเมินผลทำให้ทราบว่ากระบวนการส่งกำลังบำรุงขั้นตอนใดมีปัญหาหรือไม่อย่างไรคือปัจจัยในเรื่องใด,4
37,ข้อใดต่อไปนี้เกี่ยวกับปัจจัยการส่งกำลังบำรุง,1การบริหารคน,2การบริหารเงิน/งบประมาณ,3การบริหารวัสดุอุปกรณ์,4ถูกทุกข้อ,4
38,ข้อใดต่อไปนี้ไม่ได้เกี่ยวกับปัจจัยการส่งกำลังบำรุง,1การบริหารคน,2การบริหารเงิน/งบประมาณ,3การบริหารวัสดุอุปกรณ์,4ความง่าย,4
39,"ระบบสารสนเทศขององค์กรมีความสำคัญช่วยบริหารทรัพยากรขององค์กรได้อย่างมี
ประสิทธิภาพ บันทึกเหตุการณ์ต่างๆ ที่เกิดขึ้น สนับสนุนการดำเนินงานประจำวัน และสนับสนุนการตัดสินใจในเรื่องต่างๆ ของผู้บริหารคือปัจจัยในเรื่องใด",1การบริหารคน,2การบริหารเงิน/งบประมาณ,3ระบบสารสนเทศขององค์กร,4การบริหารวัสดุอุปกรณ์,3
40,ข้อใดต่อไปนี้ไม่ได้เกี่ยวกับปัจจัยการส่งกำลังบำรุง,1การบริหารคน,2ความอ่อนตัว,3ระบบสารสนเทศขององค์กร,4การบริหารเงิน/งบประมาณ,2
41,ข้อใดต่อไปนี้ไม่ได้เกี่ยวกับปัจจัยการส่งกำลังบำรุง,1การรวมการสนับสนุน,2การบริหารคน,3ระบบสารสนเทศขององค์กร,4การบริหารเงิน/งบประมาณ,1
42,ข้อใดต่อไปนี้เกี่ยวกับปัจจัยการส่งกำลังบำรุง,1ระบบสารสนเทศขององค์กร,2การบริหารเวลา,3การบริหารวัสดุอุปกรณ์,4ถูกทุกข้อ,4
43,ข้อใดคือความหมายของปัจจัยระบบสารสนเทศขององค์กร,"1การกำหนดและการควบคุมการปฏิบัติงานให้บรรลุผลตามเวลาและวัตถุประสงค์ที่กำหนด เพื่อก่อให้เกิดประสิทธิภาพในงานหน้าที่ที่รับผิดชอบคือปัจจัยในเรื่องใด
","2ระบบสารสนเทศขององค์กรมีความสำคัญช่วยบริหารทรัพยากรขององค์กรได้อย่างมี
ประสิทธิภาพ บันทึกเหตุการณ์ต่างๆ ที่เกิดขึ้น สนับสนุนการดำเนินงานประจำวัน และสนับสนุนการตัดสินใจในเรื่องต่างๆ ของผู้บริหาร",3ข้อมูลข่าวสารที่ฝ่ายส่งกำลังบำรุงเสนอผู้บังคับบัญชา ต้องเป็นข้อมูลของสถานการณ์ปัจจุบันที่เป็นอยู่จริงเพื่อที่จะได้นำมาวิเคราะห์ประมวลผล และฝ่ายอำนวยการต่างๆ ต้องได้รับข้อมูลเช่นเดียวกัน เพื่อเป็นข้อพิจารณาของฝ่ายอำนวยการ และเพื่อประโยชน์ในการจัดทำประมาณการ การจัดทำแผน/คำสั่งปฏิบัติการคือปัจจัยในเรื่องใด,4การวัดผลเป็นสิ่งจำเป็นการบริหารจัดการ ซึ่งเป็นการวัดเพื่อประเมินผลทำให้ทราบว่ากระบวนการส่งกำลังบำรุงขั้นตอนใดมีปัญหาหรือไม่อย่างไรคือปัจจัยในเรื่องใด,2
44,การดำเนินการจัดซื้อจัดจ้างตามระเบียบสำนักนายกรัฐมนตรีว่าด้วยการพัสดุ พ.ศ. 2535 และที่แก้ไขเพิ่มเติม โดยเริ่มกระบวนการใดก่อน,1จัดทำรายงานขอซื้อ/จ้าง ,2การเสนอขออนุมัติจัดซื้อ/จ้าง ,3แต่งตั้งเจ้าหน้าที่/คณะกรรมการ,4ไม่มีข้อใดถูก,1
45,การดำเนินการจัดซื้อจัดจ้างตามระเบียบสำนักนายกรัฐมนตรีว่าด้วยการพัสดุ พ.ศ. 2535 และที่แก้ไขเพิ่มเติม โดยเริ่มจากการจัดทำรายงานขอซื้อ/จ้าง กระบวนการต่อไปคือ,1จัดทำรายงานขอซื้อ/จ้าง ,2การเสนอขออนุมัติจัดซื้อ/จ้าง ,3แต่งตั้งเจ้าหน้าที่/คณะกรรมการ,4ไม่มีข้อใดถูก,2
46,การดำเนินการจัดซื้อจัดจ้างตามระเบียบสำนักนายกรัฐมนตรีว่าด้วยการพัสดุ พ.ศ. 2535 และที่แก้ไขเพิ่มเติม โดยเริ่มจากการจัดทำรายงานขอซื้อ/จ้าง การเสนอขออนุมัติจัดซื้อ/จ้าง กระบวนการต่อไปคือ,1จัดทำรายงานขอซื้อ/จ้าง ,2การเสนอขออนุมัติจัดซื้อ/จ้าง ,3แต่งตั้งเจ้าหน้าที่/คณะกรรมการ,4ไม่มีข้อใดถูก,3
47,การเคลื่อนย้ายบุคคล เรียกว่า  ,1การขนส่งผู้โดยสาร,2การขนส่งสินค้า,3ถูกทั้งคำตอบที่ 1 และ 2,4ไม่มีข้อใดถูก,1
48,การเคลื่อนย้ายสัตว์หรือสิ่งของต่าง ๆ เรียกว่า ,1การขนส่งผู้โดยสาร,2การขนส่งสินค้า,3ถูกทั้งคำตอบที่ 1 และ 2,4ไม่มีข้อใดถูก,2
49,Transportation คือข้อใด,1การขนส่ง ,2การบริการทางการแพทย์ ,3เวลา,4ระบบสารสนเทศ,1
50,Health Service Support คือข้อใด,1การขนส่ง ,2การบริการทางการแพทย์ ,3เวลา,4ระบบสารสนเทศ,2
51,Maintenanceคือข้อใด,1การขนส่ง ,2การบริการทางการแพทย์ ,3การซ่อมบำรุงรักษา,4ระบบสารสนเทศ,3
52,Supplyคือข้อใด,1การขนส่ง ,2การบริการทางการแพทย์ ,3การซ่อมบำรุงรักษา,4การส่งกำลัง,4
53,ข้อใดต่อไปนี้กล่าวได้ถูกต้อง,1Transportation คือการขนส่ง,2Transportation คือการซ่อมบำรุงรักษา,3Transportation คือการบริการทางการแพทย์,4Transportation คือการส่งกำลัง,1
54,ข้อใดต่อไปนี้กล่าวได้ถูกต้อง,1Maintenance คือการขนส่ง,2Maintenance คือการซ่อมบำรุงรักษา,3Maintenanceคือการบริการทางการแพทย์,4ไม่มีข้อใดถูก,2
55,ข้อใดต่อไปนี้กล่าวได้ถูกต้อง,1Health Service Support คือการขนส่ง,2Health Service Support คือการซ่อมบำรุงรักษา,3Health Service Supportคือการบริการทางการแพทย์,4ไม่มีข้อใดถูก,3
56,ข้อใดต่อไปนี้กล่าวได้ถูกต้อง,1Supply คือการขนส่ง,2Supply คือการซ่อมบำรุงรักษา,3Supply คือการบริการทางการแพทย์,4Supply คือการส่งกำลัง,4
57,การกำหนดงานส่งกำลังบำรุงคือ,1การกำหนดนโยบาย การวางแผน การวิจัยและพัฒนา การทำงบประมาณในการส่งกำลังบำรุง,2การออกแบบและพัฒนา การจัดหา  การเก็บรักษา การแจกจ่าย การเคลื่อนย้ายการซ่อมบำรุง การส่งกลับและการจำหน่าย,3การเคลื่อนย้าย การส่งกลับ การรักษากำลังพล,4ถูกทุกข้อ,4
58,M ในข้อที่ไม่เกี่ยวกับปัจจัยการส่งกำลังบำรุง,1Man,2Money,3Material,4Mango,4
59,M ในข้อที่เกี่ยวกับปัจจัยการส่งกำลังบำรุง,1Man,2Money,3Material,4ถูกทุกข้อ,4
60,M ในข้อที่ไม่เกี่ยวกับปัจจัยการส่งกำลังบำรุง,1Message,2Mango,3Management Information System,4Morality,2
